name,email,password,address,username,gender,age
Rabin,rabin@gmail.com,1234,Sanpablo,rabins,Male,32
Bipin,bipin@gmail.com,45678,Berkley,bipins,35,Male
Sita,sita@gmail.com,76787,Richmond,sitas,female,22
Pranay,pranaya@gmail.com,345675,oakland,pranays,Male,39
Sonam,sonam@gmail.com,5555,hwayard,sonams,Male,34
Rabin,rabin@gmail.com,6666,Sanpablo,rabins,Male,22
Bipin,bipin@gmail.com,777,Berkley,bipins,Male,32
Sita,sita@gmail.com,3333,Richmond,sitas,female,36
Pranay,pranaya@gmail.com,555,oakland,paranays,Male,28
Sonam,sonam@gmail.com,888,hwayard,sonams,Male,26
Rabin,rabin@gmail.com,999,Sanpablo,rabins,Male,22
Bipin,bipin@gmail.com,8989,Berkley,bipins,Male,28
Sita,sita@gmail.com,5656,Richmond,sitas,female,27
Pranay,pranaya@gmail.com,6767,oakland,pranays,Male,29
Sonam,sonam@gmail.com,676767,hwayard,sonams,Male,30
Rabin,rabin@gmail.com,1234,Sanpablo,rabins,Male,32
Bipin,bipin@gmail.com,45678,Berkley,bipins,35,Male
Sita,sita@gmail.com,76787,Richmond,sitas,female,22
Pranay,pranaya@gmail.com,345675,oakland,pranays,Male,39
Sonam,sonam@gmail.com,5555,hwayard,sonams,Male,34
Rabin,rabin@gmail.com,6666,Sanpablo,rabins,Male,22
Bipin,bipin@gmail.com,777,Berkley,bipins,Male,32
Sita,sita@gmail.com,3333,Richmond,sitas,female,36
Pranay,pranaya@gmail.com,555,oakland,paranays,Male,28
Sonam,sonam@gmail.com,888,hwayard,sonams,Male,26
Rabin,rabin@gmail.com,999,Sanpablo,rabins,Male,22
Bipin,bipin@gmail.com,8989,Berkley,bipins,Male,28
Sita,sita@gmail.com,5656,Richmond,sitas,female,27
Pranay,pranaya@gmail.com,6767,oakland,pranays,Male,29
Sonam,sonam@gmail.com,676767,hwayard,sonams,Male,30
Rabin,rabin@gmail.com,1234,Sanpablo,rabins,Male,32
Bipin,bipin@gmail.com,45678,Berkley,bipins,35,Male
Sita,sita@gmail.com,76787,Richmond,sitas,female,22
Pranay,pranaya@gmail.com,345675,oakland,pranays,Male,39
Sonam,sonam@gmail.com,5555,hwayard,sonams,Male,34
Rabin,rabin@gmail.com,6666,Sanpablo,rabins,Male,22
Bipin,bipin@gmail.com,777,Berkley,bipins,Male,32
Sita,sita@gmail.com,3333,Richmond,sitas,female,36
Pranay,pranaya@gmail.com,555,oakland,paranays,Male,28
Sonam,sonam@gmail.com,888,hwayard,sonams,Male,26
Rabin,rabin@gmail.com,999,Sanpablo,rabins,Male,22
Bipin,bipin@gmail.com,8989,Berkley,bipins,Male,28
Sita,sita@gmail.com,5656,Richmond,sitas,female,27
Pranay,pranaya@gmail.com,6767,oakland,pranays,Male,29
Sonam,sonam@gmail.com,676767,hwayard,sonams,Male,30
Rabin,rabin@gmail.com,1234,Sanpablo,rabins,Male,32
Bipin,bipin@gmail.com,45678,Berkley,bipins,35,Male
Sita,sita@gmail.com,76787,Richmond,sitas,female,22
Pranay,pranaya@gmail.com,345675,oakland,pranays,Male,39
Sonam,sonam@gmail.com,5555,hwayard,sonams,Male,34
Rabin,rabin@gmail.com,6666,Sanpablo,rabins,Male,22
Bipin,bipin@gmail.com,777,Berkley,bipins,Male,32
Sita,sita@gmail.com,3333,Richmond,sitas,female,36
Pranay,pranaya@gmail.com,555,oakland,paranays,Male,28
Sonam,sonam@gmail.com,888,hwayard,sonams,Male,26
Rabin,rabin@gmail.com,999,Sanpablo,rabins,Male,22
Bipin,bipin@gmail.com,8989,Berkley,bipins,Male,28
Sita,sita@gmail.com,5656,Richmond,sitas,female,27
Pranay,pranaya@gmail.com,6767,oakland,pranays,Male,29
Sonam,sonam@gmail.com,676767,hwayard,sonams,Male,30
Rabin,rabin@gmail.com,1234,Sanpablo,rabins,Male,32
Bipin,bipin@gmail.com,45678,Berkley,bipins,35,Male
Sita,sita@gmail.com,76787,Richmond,sitas,female,22
Pranay,pranaya@gmail.com,345675,oakland,pranays,Male,39
Sonam,sonam@gmail.com,5555,hwayard,sonams,Male,34
Rabin,rabin@gmail.com,6666,Sanpablo,rabins,Male,22
Bipin,bipin@gmail.com,777,Berkley,bipins,Male,32
Sita,sita@gmail.com,3333,Richmond,sitas,female,36
Pranay,pranaya@gmail.com,555,oakland,paranays,Male,28
Sonam,sonam@gmail.com,888,hwayard,sonams,Male,26
Rabin,rabin@gmail.com,999,Sanpablo,rabins,Male,22
Bipin,bipin@gmail.com,8989,Berkley,bipins,Male,28
Sita,sita@gmail.com,5656,Richmond,sitas,female,27
Pranay,pranaya@gmail.com,6767,oakland,pranays,Male,29
Sonam,sonam@gmail.com,676767,hwayard,sonams,Male,30
Rabin,rabin@gmail.com,1234,Sanpablo,rabins,Male,32
Bipin,bipin@gmail.com,45678,Berkley,bipins,35,Male
Sita,sita@gmail.com,76787,Richmond,sitas,female,22
Pranay,pranaya@gmail.com,345675,oakland,pranays,Male,39
Sonam,sonam@gmail.com,5555,hwayard,sonams,Male,34
Rabin,rabin@gmail.com,6666,Sanpablo,rabins,Male,22
Bipin,bipin@gmail.com,777,Berkley,bipins,Male,32
Sita,sita@gmail.com,3333,Richmond,sitas,female,36
Pranay,pranaya@gmail.com,555,oakland,paranays,Male,28
Sonam,sonam@gmail.com,888,hwayard,sonams,Male,26
Rabin,rabin@gmail.com,999,Sanpablo,rabins,Male,22
Bipin,bipin@gmail.com,8989,Berkley,bipins,Male,28
Sita,sita@gmail.com,5656,Richmond,sitas,female,27
Pranay,pranaya@gmail.com,6767,oakland,pranays,Male,29
Sonam,sonam@gmail.com,676767,hwayard,sonams,Male,30
Rabin,rabin@gmail.com,1234,Sanpablo,rabins,Male,32
Bipin,bipin@gmail.com,45678,Berkley,bipins,35,Male
Sita,sita@gmail.com,76787,Richmond,sitas,female,22
Pranay,pranaya@gmail.com,345675,oakland,pranays,Male,39
Sonam,sonam@gmail.com,5555,hwayard,sonams,Male,34
Rabin,rabin@gmail.com,6666,Sanpablo,rabins,Male,22
Bipin,bipin@gmail.com,777,Berkley,bipins,Male,32
Sita,sita@gmail.com,3333,Richmond,sitas,female,36
Pranay,pranaya@gmail.com,555,oakland,paranays,Male,28
Sonam,sonam@gmail.com,888,hwayard,sonams,Male,26
Rabin,rabin@gmail.com,999,Sanpablo,rabins,Male,22
Bipin,bipin@gmail.com,8989,Berkley,bipins,Male,28
Sita,sita@gmail.com,5656,Richmond,sitas,female,27
Pranay,pranaya@gmail.com,6767,oakland,pranays,Male,29
Sonam,sonam@gmail.com,676767,hwayard,sonams,Male,30
Rabin,rabin@gmail.com,1234,Sanpablo,rabins,Male,32
Bipin,bipin@gmail.com,45678,Berkley,bipins,35,Male
Sita,sita@gmail.com,76787,Richmond,sitas,female,22
Pranay,pranaya@gmail.com,345675,oakland,pranays,Male,39
Sonam,sonam@gmail.com,5555,hwayard,sonams,Male,34
Rabin,rabin@gmail.com,6666,Sanpablo,rabins,Male,22
Bipin,bipin@gmail.com,777,Berkley,bipins,Male,32
Sita,sita@gmail.com,3333,Richmond,sitas,female,36
Pranay,pranaya@gmail.com,555,oakland,paranays,Male,28
Sonam,sonam@gmail.com,888,hwayard,sonams,Male,26
Rabin,rabin@gmail.com,999,Sanpablo,rabins,Male,22
Bipin,bipin@gmail.com,8989,Berkley,bipins,Male,28
Sita,sita@gmail.com,5656,Richmond,sitas,female,27
Pranay,pranaya@gmail.com,6767,oakland,pranays,Male,29
Sonam,sonam@gmail.com,676767,hwayard,sonams,Male,30